time,cpid,deviceId,co2,currentin,temp,vibration,voltage,weight,origin,power_consumed
12/8/2020 12:11:42 PM,6c63fff0573649339345de7bd00b38a5,6c63fff0573649339345de7bd00b38a5-SR2,760.288355857489,11.5802634516099,12.1984784801621,1.00266202724884,80.3957118457796,227.914417319267,Forecasted,931.003523553846
12/8/2020 12:11:57 PM,6c63fff0573649339345de7bd00b38a5,6c63fff0573649339345de7bd00b38a5-SR2,677.664344754949,10.2033348656278,11.5916319603852,0.704639178121011,70.8150652325834,254.212903048852,Forecasted,722.549824099329
12/8/2020 12:12:12 PM,6c63fff0573649339345de7bd00b38a5,6c63fff0573649339345de7bd00b38a5-SR2,749.210678934474,11.0502379372019,10.9048206878608,0.908197663829902,66.4292722916111,239.833765755542,Forecasted,734.059264817479
12/8/2020 12:12:27 PM,6c63fff0573649339345de7bd00b38a5,6c63fff0573649339345de7bd00b38a5-SR2,658.723721850587,8.97473514234403,10.1627942642999,0.961476631909997,55.9515564543245,257.883082604309,Forecasted,502.150399979472
12/8/2020 12:12:42 PM,6c63fff0573649339345de7bd00b38a5,6c63fff0573649339345de7bd00b38a5-SR2,675.2453816076,9.12965387214329,10.0758986649238,0.940589961263426,56.0816173906629,260.783343525146,Forecasted,512.005755366724
